Workbook

Sheet README
A1: Video Model Pricing — Consolidated
A3: Source: ComfyUI partner-node catalog (211 credits = $1 USD).
A4: All USD values are calculated from credit costs using formulas — edit the credit
A5: rate in the 'Setup' sheet if it changes.
A7: Sheets:
A8: • Setup — credit-to-USD conversion rate (referenced by all other sheets)
A9: • Kling — all Kling models, with 60-second cost column
A10: • Veo — Google Veo 2 / Veo 3 (8-second clips)
A11: • Seedance — ByteDance Seedance (token-based, with example calculator)
A12: • Pixverse — Pixverse v3.5
A13: • Comparison — best option per use case for a 60-second video
A15: Use case assumed throughout: reference image + text prompt → ~60 second video
A16: of a realistic person (e.g., cooking, talking to camera).

Sheet Setup
A1: Credits per USD | B1: 211
A2: USD per credit | B2: =1/B1 -> 0.0047393365
A4: Edit B1 to change the conversion rate.

Sheet Comparison
A1: Rank | B1: Model | C1: Config | D1: 60s cost (USD) | E1: Native dialogue? | F1: Best for
A2: 1 | B2: Vidu Q3 Turbo | C2: 720p (+ own voiceover) | D2: 3.6 | E2: No | F2: New cheapest realistic option; good for characters
A3: 2 | B3: Kling 2.6 | C3: pro silent (+ own voiceover) | D3: 4.2 | E3: No | F3: Best-known quality at low cost
A4: 3 | B4: Vidu Q3 Turbo | C4: 1080p (+ own voiceover) | D4: 4.8 | E4: No | F4: 1080p for less than Kling 720p
A5: 4 | B5: Kling 2.5 Turbo | C5: pro, silent | D5: 4.2 | E5: No | F5: Slightly older Kling, same price
A6: 5 | B6: Veo 3 Fast | C6: with audio | D6: 9.6 | E6: Yes | F6: Only cheap option with built-in lip sync
A7: 6 | B7: Kling 2.6 | C7: pro, sound on | D7: 8.4 | E7: Limited | F7: Ambient sound, not full dialogue
A8: 7 | B8: Vidu Q3 Pro | C8: 1080p | D8: 9.6 | E8: No | F8: Higher fidelity Vidu tier
A9: 8 | B9: Veo 3 Standard | C9: with audio | D9: 25.6 | E9: Yes | F9: Best lip sync if budget allows
A10: 9 | B10: Seedance 1.5 Pro | C10: 720p, no audio | D10: 1.55 | E10: No | F10: Cheapest overall; quality varies
A11: 10 | B11: Pixverse v3.5 | C11: 720p, normal | D11: 7.2 | E11: No | F11: Skip for realistic humans

Sheet Kling
A1: Model | B1: Mode / Config | C1: Billing | D1: Credits | E1: USD per unit | F1: Unit | G1: 60-sec cost (USD)
A2: Kling 2.6 | B2: pro, sound off | C2: per second | D2: 14.77 | E2: =D2/Setup!$B$1 -> 0.07 | F2: sec | G2: =E2*60 -> 4.2
A3: Kling 2.6 | B3: pro, sound on | C3: per second | D3: 29.54 | E3: =D3/Setup!$B$1 -> 0.14 | F3: sec | G3: =E3*60 -> 8.4
A4: Kling 2.5 Turbo | B4: pro | C4: per run (5s) | D4: 73.85 | E4: =D4/Setup!$B$1 -> 0.35 | F4: run | G4: =E4*12 -> 4.2
A5: Kling 2.1 | B5: pro | C5: per run (5s) | D5: 103.39 | E5: =D5/Setup!$B$1 -> 0.49 | F5: run | G5: =E5*12 -> 5.88
A6: Kling 2.1 | B6: std | C6: per run (5s) | D6: 59.08 | E6: =D6/Setup!$B$1 -> 0.28 | F6: run | G6: =E6*12 -> 3.36
A7: Kling 2.1 Master | B7: pro / std | C7: per run (5s) | D7: 295.4 | E7: =D7/Setup!$B$1 -> 1.4 | F7: run | G7: =E7*12 -> 16.8
A8: Kling 2 Master | B8: pro / std | C8: per run (5s) | D8: 295.4 | E8: =D8/Setup!$B$1 -> 1.4 | F8: run | G8: =E8*12 -> 16.8
A9: Kling 1.6 | B9: pro | C9: per run (5s) | D9: 103.39 | E9: =D9/Setup!$B$1 -> 0.49 | F9: run | G9: =E9*12 -> 5.88
A10: Kling 1.6 | B10: std | C10: per run (5s) | D10: 59.08 | E10: =D10/Setup!$B$1 -> 0.28 | F10: run | G10: =E10*12 -> 3.36
A11: Kling 1.5 | B11: pro | C11: per run (5s) | D11: 103.39 | E11: =D11/Setup!$B$1 -> 0.49 | F11: run | G11: =E11*12 -> 5.88
A12: Kling 1.5 | B12: std | C12: per run (5s) | D12: 59.08 | E12: =D12/Setup!$B$1 -> 0.28 | F12: run | G12: =E12*12 -> 3.36
A13: Kling Omni O1 | B13: std, no video input | C13: per second | D13: 17.72 | E13: =D13/Setup!$B$1 -> 0.083981043 | F13: sec | G13: =E13*60 -> 5.0388626
A14: Kling Omni O1 | B14: pro, no video input | C14: per second | D14: 23.63 | E14: =D14/Setup!$B$1 -> 0.11199052 | F14: sec | G14: =E14*60 -> 6.7194313
A15: Kling Omni O1 | B15: std, with video input | C15: per second | D15: 26.59 | E15: =D15/Setup!$B$1 -> 0.12601896 | F15: sec | G15: =E15*60 -> 7.5611374
A16: Kling Omni O1 | B16: pro, with video input | C16: per second | D16: 35.45 | E16: =D16/Setup!$B$1 -> 0.16800948 | F16: sec | G16: =E16*60 -> 10.080569
A17: Kling Motion Control | B17: std, v2.6 | C17: per run | D17: 14.77 | E17: =D17/Setup!$B$1 -> 0.07 | F17: run | G17: N/A
A18: Kling Motion Control | B18: pro, v2.6 | C18: per run | D18: 23.63 | E18: =D18/Setup!$B$1 -> 0.11199052 | F18: run | G18: N/A
A19: Kling Video Extension | B19: — | C19: per run | D19: 59.08 | E19: =D19/Setup!$B$1 -> 0.28 | F19: run | G19: N/A
A20: Kling Lip Sync | B20: — | C20: per run | D20: 14.77 | E20: =D20/Setup!$B$1 -> 0.07 | F20: run | G20: N/A

Sheet Veo
A1: Model | B1: Audio | C1: Clip Length | D1: Credits/run | E1: USD/run | F1: 60-sec cost (USD) | G1: Notes
A2: Veo 3 Fast | B2: no | C2: 8s | D2: 168.8 | E2: =D2/Setup!$B$1 -> 0.8 | F2: =E2*8 -> 6.4 | G2: Cheapest Veo 3 option
A3: Veo 3 Fast | B3: yes | C3: 8s | D3: 253.2 | E3: =D3/Setup!$B$1 -> 1.2 | F3: =E3*8 -> 9.6 | G3: Cheapest with native lip sync
A4: Veo 3 Standard | B4: no | C4: 8s | D4: 337.6 | E4: =D4/Setup!$B$1 -> 1.6 | F4: =E4*8 -> 12.8 | G4: Higher quality, silent
A5: Veo 3 Standard | B5: yes | C5: 8s | D5: 675.2 | E5: =D5/Setup!$B$1 -> 3.2 | F5: =E5*8 -> 25.6 | G5: Best lip sync, most expensive
A6: Veo 2 | B6: — | C6: 8s | D6: 105.5 | E6: =D6/Setup!$B$1 -> 0.5 | F6: =E6*8 -> 4 | G6: Older generation

Sheet Vidu
A1: Model | B1: Resolution | C1: Credits/sec | D1: USD/sec | E1: 60-sec cost (USD)
A2: Vidu Q3 Turbo | B2: 540p | C2: 8.44 | D2: =C2/Setup!$B$1 -> 0.04 | E2: =D2*60 -> 2.4
A3: Vidu Q3 Turbo | B3: 720p | C3: 12.66 | D3: =C3/Setup!$B$1 -> 0.06 | E3: =D3*60 -> 3.6
A4: Vidu Q3 Turbo | B4: 1080p | C4: 16.88 | D4: =C4/Setup!$B$1 -> 0.08 | E4: =D4*60 -> 4.8
A5: Vidu Q3 Pro | B5: 540p | C5: 14.77 | D5: =C5/Setup!$B$1 -> 0.07 | E5: =D5*60 -> 4.2
A6: Vidu Q3 Pro | B6: 720p | C6: 31.65 | D6: =C6/Setup!$B$1 -> 0.15 | E6: =D6*60 -> 9
A7: Vidu Q3 Pro | B7: 1080p | C7: 33.76 | D7: =C7/Setup!$B$1 -> 0.16 | E7: =D7*60 -> 9.6

Sheet Seedance
A1: Model | B1: Mode | C1: Billing | D1: Credits | E1: USD/M tokens or run | F1: Notes
A2: Seedance 1.0 Lite | B2: i2v | C2: per 1M tokens | D2: 379.8 | E2: =D2/Setup!$B$1 -> 1.8 | F2: Cheapest tier
A3: Seedance 1.0 Lite | B3: t2v | C3: per 1M tokens | D3: 379.8 | E3: =D3/Setup!$B$1 -> 1.8 | F3: Cheapest tier
A4: Seedance 1.0 Pro | B4: i2v | C4: per 1M tokens | D4: 527.5 | E4: =D4/Setup!$B$1 -> 2.5 | F4: Standard quality
A5: Seedance 1.0 Pro | B5: t2v | C5: per 1M tokens | D5: 527.5 | E5: =D5/Setup!$B$1 -> 2.5 | F5: Standard quality
A6: Seedance 1.0 Pro Fast | B6: i2v | C6: per 1M tokens | D6: 211 | E6: =D6/Setup!$B$1 -> 1 | F6: Faster, cheaper
A7: Seedance 1.0 Pro Fast | B7: t2v | C7: per 1M tokens | D7: 211 | E7: =D7/Setup!$B$1 -> 1 | F7: Faster, cheaper
A8: Seedance 1.5 Pro | B8: no audio | C8: per 1M tokens | D8: 253.2 | E8: =D8/Setup!$B$1 -> 1.2 | F8: Newest, silent
A9: Seedance 1.5 Pro | B9: with audio | C9: per 1M tokens | D9: 506.4 | E9: =D9/Setup!$B$1 -> 2.4 | F9: Newest, with audio
A10: Seedream 4.5 | B10: t2v | C10: per 1M tokens | D10: 211 | E10: =D10/Setup!$B$1 -> 1 | F10: Image-derived video
A12: 60-second cost calculator
A13: Width (px) | B13: 1280
A14: Height (px) | B14: 720
A15: Frame rate (fps) | B15: 24
A16: Duration (sec) | B16: 60
A17: Tokens (formula) | B17: =(B13*B14*B15*B16)/1024 -> 1296000
A18: Million tokens | B18: =B17/1000000 -> 1.296
A20: Cost @ 1280×720, 24fps, 60s:
A21: Seedance 1.0 Lite | B21: =$B$18*E2 -> 2.3328
A22: Seedance 1.0 Pro | B22: =$B$18*E4 -> 3.24
A23: Seedance 1.0 Pro Fast | B23: =$B$18*E6 -> 1.296
A24: Seedance 1.5 Pro (no audio) | B24: =$B$18*E8 -> 1.5552
A25: Seedance 1.5 Pro (audio) | B25: =$B$18*E9 -> 3.1104

Sheet Pixverse
A1: Model | B1: Quality | C1: Motion | D1: Clip Length | E1: Credits/run | F1: USD/run | G1: 60-sec cost (USD)
A2: v3.5 | B2: 360p | C2: normal | D2: 5s | E2: 94.95 | F2: =E2/Setup!$B$1 -> 0.45 | G2: =F2*12 -> 5.4
A3: v3.5 | B3: 540p | C3: normal | D3: 5s | E3: 94.95 | F3: =E3/Setup!$B$1 -> 0.45 | G3: =F3*12 -> 5.4
A4: v3.5 | B4: 720p | C4: normal | D4: 5s | E4: 126.6 | F4: =E4/Setup!$B$1 -> 0.6 | G4: =F4*12 -> 7.2
A5: v3.5 | B5: 1080p | C5: normal | D5: 5s | E5: 253.2 | F5: =E5/Setup!$B$1 -> 1.2 | G5: =F5*12 -> 14.4
A6: v3.5 | B6: 360p | C6: fast | D6: 5s | E6: 189.9 | F6: =E6/Setup!$B$1 -> 0.9 | G6: =F6*12 -> 10.8
A7: v3.5 | B7: 540p | C7: fast | D7: 5s | E7: 189.9 | F7: =E7/Setup!$B$1 -> 0.9 | G7: =F7*12 -> 10.8
A8: v3.5 | B8: 720p | C8: fast | D8: 5s | E8: 253.2 | F8: =E8/Setup!$B$1 -> 1.2 | G8: =F8*12 -> 14.4
A9: v3.5 | B9: 360p | C9: normal | D9: 8s | E9: 189.9 | F9: =E9/Setup!$B$1 -> 0.9 | G9: =F9*8 -> 7.2
A10: v3.5 | B10: 540p | C10: normal | D10: 8s | E10: 189.9 | F10: =E10/Setup!$B$1 -> 0.9 | G10: =F10*8 -> 7.2
A11: v3.5 | B11: 720p | C11: normal | D11: 8s | E11: 253.2 | F11: =E11/Setup!$B$1 -> 1.2 | G11: =F11*8 -> 9.6
